42,Atlantyda
42,Darwin
42,Ibiza
42,London
42,Sao Paulo
42,New York
Atlanta,Denver
Atlanta,Jacksonville
Atlantyda,Darwin
Atlantyda,Lagos
Atlantyda,Sao Paulo
Atlantyda,Jacksonville
Atlantyda,Ibiza
Buenos Aires,Sao Paulo
Chicago,San Francisco
Chicago,Washington
Darwin,Ibiza
Darwin,Los Angeles
Darwin,Sao Paulo
Denver,Chicago
Frankfurt,Istanbul
Frankfurt,Paris
Frankfurt,Moscow
Ibiza,Istanbul
Ibiza,Tripolis
Ibiza,Sao Paulo
Istanbul,Kairo
Jacksonville,New York
Jacksonville,Washington
Kairo,Tripolis
Lagos,Sao Paulo
London,Paris
Los Angeles,Mexico City
Los Angeles,San Francisco
New York,Washington
